{"assets/.DS_Store":["assets/.DS_Store"],"assets/65956.png":["assets/65956.png"],"assets/91066-loading.json":["assets/91066-loading.json"],"assets/92331-sales-manager.json":["assets/92331-sales-manager.json"],"assets/92541-loading.json":["assets/92541-loading.json"],"assets/icon-512x512.png":["assets/icon-512x512.png"],"assets/images/login_background.jpg":["assets/images/login_background.jpg"],"assets/images/post0.jpg":["assets/images/post0.jpg"],"assets/images/post1.jpg":["assets/images/post1.jpg"],"assets/images/post2.jpg":["assets/images/post2.jpg"],"assets/images/post3.jpg":["assets/images/post3.jpg"],"assets/images/post4.jpg":["assets/images/post4.jpg"],"assets/images/post5.jpg":["assets/images/post5.jpg"],"assets/images/user.jpg":["assets/images/user.jpg"],"assets/images/user0.jpg":["assets/images/user0.jpg"],"assets/images/user1.jpg":["assets/images/user1.jpg"],"assets/images/user2.jpg":["assets/images/user2.jpg"],"assets/images/user3.jpg":["assets/images/user3.jpg"],"assets/images/user4.jpg":["assets/images/user4.jpg"],"assets/images/user5.jpg":["assets/images/user5.jpg"],"assets/images/user6.jpg":["assets/images/user6.jpg"],"assets/images/user_background.jpg":["assets/images/user_background.jpg"],"assets/logobandartogel.png":["assets/logobandartogel.png"],"assets/singapura.png":["assets/singapura.png"],"assets/togelhongkong.png":["assets/togelhongkong.png"],"packages/cupertino_icons/assets/CupertinoIcons.ttf":["packages/cupertino_icons/assets/CupertinoIcons.ttf"]}